Link Name,Center of Mass X,Center of Mass Y,Center of Mass Z,Center of Mass Roll,Center of Mass Pitch,Center of Mass Yaw,Mass,Moment Ixx,Moment Ixy,Moment Ixz,Moment Iyy,Moment Iyz,Moment Izz,Visual X,Visual Y,Visual Z,Visual Roll,Visual Pitch,Visual Yaw,Mesh Filename,Color Red,Color Green,Color Blue,Color Alpha,Collision X,Collision Y,Collision Z,Collision Roll,Collision Pitch,Collision Yaw,Collision Mesh Filename,Material Name,SW Components,Coordinate System,Axis Name,Joint Name,Joint Type,Joint Origin X,Joint Origin Y,Joint Origin Z,Joint Origin Roll,Joint Origin Pitch,Joint Origin Yaw,Parent,Joint Axis X,Joint Axis Y,Joint Axis Z,Limit Effort,Limit Velocity,Limit Lower,Limit Upper,Calibration rising,Calibration falling,Dynamics Damping,Dynamics Friction,Safety Soft Upper,Safety Soft Lower,Safety K Position,Safety K Velocity
robot_base_link,-3.51409534725501E-05,2.02030762991075E-17,0.054452787160501,0,0,0,35.9333306293393,0.829440467624282,-3.19664415872315E-17,-1.261122050565E-05,1.26474036562949,9.12630764099463E-18,2.0232174193065,0,0,0,0,0,0,package://knight_rover_new/meshes/robot_base_link.STL,0.501960784313725,0.501960784313725,0.501960784313725,1,0,0,0,0,0,0,package://knight_rover_new/meshes/robot_base_link.STL,,chassis_colision-1,Coordinate System2,,,,0,0,0,0,0,0,,0,0,0,,,,,,,,,,,,
left_suspension,1.72685688207314E-16,-0.0768469466497054,-0.00596606384240272,0,0,0,2.09033981771279,0.0143822425075524,2.13129130361425E-17,-3.55136708633844E-18,0.151071620854433,-3.98388809734623E-05,0.164728757444313,0,0,0,0,0,0,package://knight_rover_new/meshes/left_suspension.STL,0.501960784313725,0.501960784313725,0.501960784313725,1,0,0,0,0,0,0,package://knight_rover_new/meshes/left_suspension.STL,,rightt_rocker_collision-1,Coordinate System3,Axis3,left_suspension_joint,revolute,-2.9695701971535E-05,0.301625,0.054456965,1.5707963267949,0,0,robot_base_link,0,0,1,11,2,-0.1722,0.1722,,,,,,,,
F_shaft_LR,-0.000275564760709279,-0.000548784014590159,0,0,0,0,0.0732032651136589,0.000144362575624441,1.94226191261808E-07,-2.41141585894578E-21,0.0001446518466667,1.85180087888106E-21,5.64751116677257E-06,0,0,0,0,0,0,package://knight_rover_new/meshes/F_shaft_LR.STL,1,1,1,1,0,0,0,0,0,0,package://knight_rover_new/meshes/F_shaft_LR.STL,,Original_wheel_assembly_collision-2/wheel_shaft_collision-1,FL_shaft_CS,FL_shaft_axis,F_shaft_LR_joint,continuous,0.433046617948688,-0.235688617948681,-0.00635000000000002,0,0,0,left_suspension,0,0,1,,,,,,,,,,,,
FL_wheel_LR,-0.00728768342739827,-0.0146448321390538,0.00050848063236375,0,0,0,0.549396445319131,0.000445171241559337,9.78659019529863E-05,-6.94813455862534E-07,0.000593200318687097,3.02640502246261E-07,0.000936282884274775,0,0,0,0,0,0,package://knight_rover_new/meshes/FL_wheel_LR.STL,1,1,1,1,0,0,0,0,0,0,package://knight_rover_new/meshes/FL_wheel_LR.STL,,Original_wheel_assembly_collision-2/original_right_wheel_collision-1/Wheel hub-1;Original_wheel_assembly_collision-2/original_right_wheel_collision-1/roller (TP)-52;Original_wheel_assembly_collision-2/original_right_wheel_collision-1/roller (TP)-51;Original_wheel_assembly_collision-2/original_right_wheel_collision-1/roller (TP)-47;Original_wheel_assembly_collision-2/original_right_wheel_collision-1/roller (TP)-46;Original_wheel_assembly_collision-2/original_right_wheel_collision-1/roller (TP)-23;Original_wheel_assembly_collision-2/original_right_wheel_collision-1/roller (TP)-45;Original_wheel_assembly_collision-2/original_right_wheel_collision-1/roller (TP)-24;Original_wheel_assembly_collision-2/original_right_wheel_collision-1/roller (TP)-22;Original_wheel_assembly_collision-2/original_right_wheel_collision-1/roller (TP)-20;Original_wheel_assembly_collision-2/original_right_wheel_collision-1/6 inch mecanum wheel hub-1;Original_wheel_assembly_collision-2/original_right_wheel_collision-1/roller (TP)-2;Original_wheel_assembly_collision-2/original_right_wheel_collision-1/roller (TP)-50;Original_wheel_assembly_collision-2/original_right_wheel_collision-1/roller (TP)-19;Original_wheel_assembly_collision-2/original_right_wheel_collision-1/roller (TP)-21;Original_wheel_assembly_collision-2/original_right_wheel_collision-1/roller (TP)-18,FL_wheel_LR,FL_shaft_axis,FL_wheel_LR_joint,fixed,0,0,-0.0635000000000001,0,0,0,F_shaft_LR,0,0,0,,,,,,,,,,,,
FR_wheel_LR,0.00740533402318116,0.0146161440808339,-0.000508480759078611,0,0,0,0.549396404481812,0.000446634643970396,9.8954363392273E-05,6.92370335923828E-07,0.000591737101133644,-3.07507000713996E-07,0.000936283087584822,0,0,0,0,0,0,package://knight_rover_new/meshes/FR_wheel_LR.STL,0.250980392156863,0.250980392156863,0.250980392156863,1,0,0,0,0,0,0,package://knight_rover_new/meshes/FR_wheel_LR.STL,,Original_wheel_assembly_collision-2/original_left_wheel_collision-1/roller (TP)-21;Original_wheel_assembly_collision-2/original_left_wheel_collision-1/roller (TP)-20;Original_wheel_assembly_collision-2/original_left_wheel_collision-1/roller (TP)-46;Original_wheel_assembly_collision-2/original_left_wheel_collision-1/roller (TP)-23;Original_wheel_assembly_collision-2/original_left_wheel_collision-1/roller (TP)-50;Original_wheel_assembly_collision-2/original_left_wheel_collision-1/roller (TP)-47;Original_wheel_assembly_collision-2/original_left_wheel_collision-1/roller (TP)-52;Original_wheel_assembly_collision-2/original_left_wheel_collision-1/roller (TP)-24;Original_wheel_assembly_collision-2/original_left_wheel_collision-1/roller (TP)-22;Original_wheel_assembly_collision-2/original_left_wheel_collision-1/roller (TP)-51;Original_wheel_assembly_collision-2/original_left_wheel_collision-1/roller (TP)-45;Original_wheel_assembly_collision-2/original_left_wheel_collision-1/roller (TP)-2;Original_wheel_assembly_collision-2/original_left_wheel_collision-1/6 inch mecanum wheel hub-1;Original_wheel_assembly_collision-2/original_left_wheel_collision-1/roller (TP)-19;Original_wheel_assembly_collision-2/original_left_wheel_collision-1/roller (TP)-18;Original_wheel_assembly_collision-2/original_left_wheel_collision-1/Wheel hub-1,FR_wheel_LR,FL_shaft_axis,FR_wheel_LR_joint,fixed,0,0,0.0635,0,0,0,F_shaft_LR,0,0,0,,,,,,,,,,,,
B_shaft_LR,-0.000102000774275024,-0.000605554022413884,-5.55111512312578E-17,0,0,0,0.0732032651136589,0.000144278410024616,7.93302867395647E-08,-1.70773371535388E-20,0.000144736012266526,4.51423547668717E-21,5.64751116677256E-06,0,0,0,0,0,0,package://knight_rover_new/meshes/B_shaft_LR.STL,1,1,1,1,0,0,0,0,0,0,package://knight_rover_new/meshes/B_shaft_LR.STL,,opposite_wheel_assembly_collision-1/wheel_shaft_collision-1,BL_shaft_CS,BL_shaft_axis,B_shaft_LR_joint,continuous,-0.433046617948688,-0.235688617948681,-0.00635000000000002,0,0,0,left_suspension,0,0,1,,,,,,,,,,,,
BL_wheel_LR,0.00266350646928726,0.0161679555464226,0.000510210330815108,0,0,0,0.547534762417823,0.000399445213010371,3.90952412727286E-05,-7.49471063720292E-07,0.000630414635441886,8.43333194813395E-08,0.000927863923073197,0,0,0,0,0,0,package://knight_rover_new/meshes/BL_wheel_LR.STL,0.250980392156863,0.250980392156863,0.250980392156863,1,0,0,0,0,0,0,package://knight_rover_new/meshes/BL_wheel_LR.STL,,opposite_wheel_assembly_collision-1/opposite_wheel_right_collision-1/roller (TP)-28;opposite_wheel_assembly_collision-1/opposite_wheel_right_collision-1/roller (TP)-27;opposite_wheel_assembly_collision-1/opposite_wheel_right_collision-1/roller (TP)-22;opposite_wheel_assembly_collision-1/opposite_wheel_right_collision-1/roller (TP)-25;opposite_wheel_assembly_collision-1/opposite_wheel_right_collision-1/roller (TP)-16;opposite_wheel_assembly_collision-1/opposite_wheel_right_collision-1/roller (TP)-26;opposite_wheel_assembly_collision-1/opposite_wheel_right_collision-1/roller (TP)-24;opposite_wheel_assembly_collision-1/opposite_wheel_right_collision-1/roller (TP)-9;opposite_wheel_assembly_collision-1/opposite_wheel_right_collision-1/roller (TP)-20;opposite_wheel_assembly_collision-1/opposite_wheel_right_collision-1/roller (TP)-2;opposite_wheel_assembly_collision-1/opposite_wheel_right_collision-1/roller (TP)-18;opposite_wheel_assembly_collision-1/opposite_wheel_right_collision-1/opposite 6 inch wheel hub-2;opposite_wheel_assembly_collision-1/opposite_wheel_right_collision-1/roller (TP)-21;opposite_wheel_assembly_collision-1/opposite_wheel_right_collision-1/roller (TP)-17;opposite_wheel_assembly_collision-1/opposite_wheel_right_collision-1/roller (TP)-23;opposite_wheel_assembly_collision-1/opposite_wheel_right_collision-1/Wheel hub-1,BL_wheel_LR,BL_shaft_axis,BL_wheel_LR_joint,fixed,0,0,-0.0635,0,0,0,B_shaft_LR,0,0,0,,,,,,,,,,,,
BR_wheel_LR,-0.00277533864218887,-0.0161213368308621,-0.000510210708511649,0,0,0,0.54753441534668,0.000400031841409848,4.07852011130894E-05,7.48566841143591E-07,0.000629826877269507,-8.96933677215981E-08,0.00092786281766356,0,0,0,0,0,0,package://knight_rover_new/meshes/BR_wheel_LR.STL,0.250980392156863,0.250980392156863,0.250980392156863,1,0,0,0,0,0,0,package://knight_rover_new/meshes/BR_wheel_LR.STL,,opposite_wheel_assembly_collision-1/opposite_wheel_left_collision-1/roller (TP)-28;opposite_wheel_assembly_collision-1/opposite_wheel_left_collision-1/roller (TP)-26;opposite_wheel_assembly_collision-1/opposite_wheel_left_collision-1/roller (TP)-25;opposite_wheel_assembly_collision-1/opposite_wheel_left_collision-1/roller (TP)-17;opposite_wheel_assembly_collision-1/opposite_wheel_left_collision-1/roller (TP)-16;opposite_wheel_assembly_collision-1/opposite_wheel_left_collision-1/opposite 6 inch wheel hub-2;opposite_wheel_assembly_collision-1/opposite_wheel_left_collision-1/roller (TP)-22;opposite_wheel_assembly_collision-1/opposite_wheel_left_collision-1/roller (TP)-20;opposite_wheel_assembly_collision-1/opposite_wheel_left_collision-1/roller (TP)-9;opposite_wheel_assembly_collision-1/opposite_wheel_left_collision-1/roller (TP)-27;opposite_wheel_assembly_collision-1/opposite_wheel_left_collision-1/roller (TP)-24;opposite_wheel_assembly_collision-1/opposite_wheel_left_collision-1/roller (TP)-21;opposite_wheel_assembly_collision-1/opposite_wheel_left_collision-1/roller (TP)-2;opposite_wheel_assembly_collision-1/opposite_wheel_left_collision-1/roller (TP)-23;opposite_wheel_assembly_collision-1/opposite_wheel_left_collision-1/roller (TP)-18;opposite_wheel_assembly_collision-1/opposite_wheel_left_collision-1/Wheel hub-1,BR_wheel_LR,BL_shaft_axis,BR_wheel_LR_joint,fixed,0,0,0.0635,0,0,0,B_shaft_LR,0,0,0,,,,,,,,,,,,
right_suspension,5.94858130497897E-17,-0.0768469466497054,0.00596606384240278,0,0,0,2.09033981771279,0.0143822425075524,9.36229739103627E-19,-3.76479445289107E-19,0.151071620854433,3.98388809734629E-05,0.164728757444313,0,0,0,0,0,0,package://knight_rover_new/meshes/right_suspension.STL,0.501960784313725,0.501960784313725,0.501960784313725,1,0,0,0,0,0,0,package://knight_rover_new/meshes/right_suspension.STL,,left_rocker_collision-1,Coordinate System4,Axis4,right_suspension_joint,revolute,-2.96957019715361E-05,-0.301625,0.054456965,1.5707963267949,0,0,robot_base_link,0,0,-1,11,2,-0.1722,0.1722,,,,,,,,
FR_shaft_RR,0.000533453219315305,0.0003041833243565,0,0,0,0,0.0732032651136589,0.000144630537335569,2.08408008974911E-07,-1.51404603547328E-20,0.000144383884955572,-1.06677612253128E-20,5.64751116677257E-06,0,0,0,0,0,0,package://knight_rover_new/meshes/FR_shaft_RR.STL,1,1,1,1,0,0,0,0,0,0,package://knight_rover_new/meshes/FR_shaft_RR.STL,,opposite_wheel_assembly_collision-2/wheel_shaft_collision-1,FR_shaft_CS,FR_shaft_axis,FR_shaft_RR_joint,continuous,0.433046617948687,-0.235688617948681,0.00635000000000002,0,0,0,right_suspension,0,0,-1,,,,,,,,,,,,
FR_wheel_RR,0.0142396465975015,0.00805182697412571,-0.000510211445635955,0,0,0,0.547533595882271,0.000577783923555976,0.000104467055038999,-4.04206874654229E-07,0.000452071101419828,6.36410608409607E-07,0.000927859172549869,0,0,0,0,0,0,package://knight_rover_new/meshes/FR_wheel_RR.STL,0.250980392156863,0.250980392156863,0.250980392156863,1,0,0,0,0,0,0,package://knight_rover_new/meshes/FR_wheel_RR.STL,,opposite_wheel_assembly_collision-2/opposite_wheel_left_collision-1/roller (TP)-28;opposite_wheel_assembly_collision-2/opposite_wheel_left_collision-1/roller (TP)-26;opposite_wheel_assembly_collision-2/opposite_wheel_left_collision-1/roller (TP)-25;opposite_wheel_assembly_collision-2/opposite_wheel_left_collision-1/roller (TP)-17;opposite_wheel_assembly_collision-2/opposite_wheel_left_collision-1/roller (TP)-16;opposite_wheel_assembly_collision-2/opposite_wheel_left_collision-1/opposite 6 inch wheel hub-2;opposite_wheel_assembly_collision-2/opposite_wheel_left_collision-1/roller (TP)-22;opposite_wheel_assembly_collision-2/opposite_wheel_left_collision-1/roller (TP)-20;opposite_wheel_assembly_collision-2/opposite_wheel_left_collision-1/roller (TP)-9;opposite_wheel_assembly_collision-2/opposite_wheel_left_collision-1/roller (TP)-27;opposite_wheel_assembly_collision-2/opposite_wheel_left_collision-1/roller (TP)-24;opposite_wheel_assembly_collision-2/opposite_wheel_left_collision-1/roller (TP)-21;opposite_wheel_assembly_collision-2/opposite_wheel_left_collision-1/roller (TP)-2;opposite_wheel_assembly_collision-2/opposite_wheel_left_collision-1/roller (TP)-23;opposite_wheel_assembly_collision-2/opposite_wheel_left_collision-1/roller (TP)-18;opposite_wheel_assembly_collision-2/opposite_wheel_left_collision-1/Wheel hub-1,FR_wheel_RR,FR_shaft_axis,FR_wheel_RR_joint,fixed,0,0,0.0635,0,0,0,FR_shaft_RR,0,0,0,,,,,,,,,,,,
FL_wheel_RR,-0.0142050302316768,-0.00816775289066476,0.000510211625356249,0,0,0,0.547533424682197,0.000576245395570839,0.000105376555008215,4.0892733889422E-07,0.00045360914424117,-6.33718153793749E-07,0.000927858700994071,0,0,0,0,0,0,package://knight_rover_new/meshes/FL_wheel_RR.STL,0.250980392156863,0.250980392156863,0.250980392156863,1,0,0,0,0,0,0,package://knight_rover_new/meshes/FL_wheel_RR.STL,,opposite_wheel_assembly_collision-2/opposite_wheel_right_collision-1/roller (TP)-28;opposite_wheel_assembly_collision-2/opposite_wheel_right_collision-1/roller (TP)-27;opposite_wheel_assembly_collision-2/opposite_wheel_right_collision-1/roller (TP)-22;opposite_wheel_assembly_collision-2/opposite_wheel_right_collision-1/roller (TP)-25;opposite_wheel_assembly_collision-2/opposite_wheel_right_collision-1/roller (TP)-16;opposite_wheel_assembly_collision-2/opposite_wheel_right_collision-1/roller (TP)-26;opposite_wheel_assembly_collision-2/opposite_wheel_right_collision-1/roller (TP)-24;opposite_wheel_assembly_collision-2/opposite_wheel_right_collision-1/roller (TP)-9;opposite_wheel_assembly_collision-2/opposite_wheel_right_collision-1/roller (TP)-20;opposite_wheel_assembly_collision-2/opposite_wheel_right_collision-1/roller (TP)-2;opposite_wheel_assembly_collision-2/opposite_wheel_right_collision-1/roller (TP)-18;opposite_wheel_assembly_collision-2/opposite_wheel_right_collision-1/opposite 6 inch wheel hub-2;opposite_wheel_assembly_collision-2/opposite_wheel_right_collision-1/roller (TP)-21;opposite_wheel_assembly_collision-2/opposite_wheel_right_collision-1/roller (TP)-17;opposite_wheel_assembly_collision-2/opposite_wheel_right_collision-1/roller (TP)-23;opposite_wheel_assembly_collision-2/opposite_wheel_right_collision-1/Wheel hub-1,FL_wheel_RR,FR_shaft_axis,FL_wheel_RR_joint,fixed,0,0,-0.0634999999999999,0,0,0,FR_shaft_RR,0,0,0,,,,,,,,,,,,
BR_shaft_RR,-0.00055158733402455,0.000269909697784398,1.11022302462516E-16,0,0,0,0.0732032651136588,0.000144655808484728,-1.91212128642016E-07,-3.56423135935016E-22,0.000144358613806413,-8.23017532900926E-22,5.64751116677256E-06,0,0,0,0,0,0,package://knight_rover_new/meshes/BR_shaft_RR.STL,1,1,1,1,0,0,0,0,0,0,package://knight_rover_new/meshes/BR_shaft_RR.STL,,Original_wheel_assembly_collision-1/wheel_shaft_collision-1,BR_shaft_CS,BR_shaft_axis,BR_shaft_RR_joint,continuous,-0.433046617948688,-0.235688617948681,0.00635000000000002,0,0,0,right_suspension,0,0,-1,,,,,,,,,,,,
BL_wheel_RR,-0.0147189689674223,0.00713677642674698,0.000508480579083342,0,0,0,0.54939649950203,0.000595196553459929,-9.63239653984878E-05,2.95483114421503E-07,0.00044317521459507,6.97887531231998E-07,0.000936283088752324,0,0,0,0,0,0,package://knight_rover_new/meshes/BL_wheel_RR.STL,0.250980392156863,0.250980392156863,0.250980392156863,1,0,0,0,0,0,0,package://knight_rover_new/meshes/BL_wheel_RR.STL,,Original_wheel_assembly_collision-1/original_right_wheel_collision-1/roller (TP)-52;Original_wheel_assembly_collision-1/original_right_wheel_collision-1/roller (TP)-51;Original_wheel_assembly_collision-1/original_right_wheel_collision-1/roller (TP)-47;Original_wheel_assembly_collision-1/original_right_wheel_collision-1/roller (TP)-46;Original_wheel_assembly_collision-1/original_right_wheel_collision-1/roller (TP)-23;Original_wheel_assembly_collision-1/original_right_wheel_collision-1/roller (TP)-45;Original_wheel_assembly_collision-1/original_right_wheel_collision-1/roller (TP)-24;Original_wheel_assembly_collision-1/original_right_wheel_collision-1/roller (TP)-22;Original_wheel_assembly_collision-1/original_right_wheel_collision-1/roller (TP)-20;Original_wheel_assembly_collision-1/original_right_wheel_collision-1/6 inch mecanum wheel hub-1;Original_wheel_assembly_collision-1/original_right_wheel_collision-1/roller (TP)-2;Original_wheel_assembly_collision-1/original_right_wheel_collision-1/roller (TP)-50;Original_wheel_assembly_collision-1/original_right_wheel_collision-1/roller (TP)-19;Original_wheel_assembly_collision-1/original_right_wheel_collision-1/roller (TP)-21;Original_wheel_assembly_collision-1/original_right_wheel_collision-1/roller (TP)-18;Original_wheel_assembly_collision-1/original_right_wheel_collision-1/Wheel hub-1,BL_wheel_RR,BR_shaft_axis,BL_wheel_RR_joint,fixed,0,0,-0.0635,0,0,0,BR_shaft_RR,0,0,0,,,,,,,,,,,,
BR_wheel_RR,0.0146914842574465,-0.00725471731387628,-0.000508480710717518,0,0,0,0.549396458332006,0.000593755941394788,-9.74422821912464E-05,-3.00374468849649E-07,0.00044461602097348,-6.95494593025691E-07,0.000936283302375973,0,0,0,0,0,0,package://knight_rover_new/meshes/BR_wheel_RR.STL,0.250980392156863,0.250980392156863,0.250980392156863,1,0,0,0,0,0,0,package://knight_rover_new/meshes/BR_wheel_RR.STL,,Original_wheel_assembly_collision-1/original_left_wheel_collision-1/roller (TP)-21;Original_wheel_assembly_collision-1/original_left_wheel_collision-1/roller (TP)-20;Original_wheel_assembly_collision-1/original_left_wheel_collision-1/roller (TP)-46;Original_wheel_assembly_collision-1/original_left_wheel_collision-1/roller (TP)-23;Original_wheel_assembly_collision-1/original_left_wheel_collision-1/roller (TP)-50;Original_wheel_assembly_collision-1/original_left_wheel_collision-1/roller (TP)-47;Original_wheel_assembly_collision-1/original_left_wheel_collision-1/roller (TP)-52;Original_wheel_assembly_collision-1/original_left_wheel_collision-1/roller (TP)-24;Original_wheel_assembly_collision-1/original_left_wheel_collision-1/roller (TP)-22;Original_wheel_assembly_collision-1/original_left_wheel_collision-1/roller (TP)-51;Original_wheel_assembly_collision-1/original_left_wheel_collision-1/roller (TP)-45;Original_wheel_assembly_collision-1/original_left_wheel_collision-1/roller (TP)-2;Original_wheel_assembly_collision-1/original_left_wheel_collision-1/6 inch mecanum wheel hub-1;Original_wheel_assembly_collision-1/original_left_wheel_collision-1/roller (TP)-19;Original_wheel_assembly_collision-1/original_left_wheel_collision-1/roller (TP)-18;Original_wheel_assembly_collision-1/original_left_wheel_collision-1/Wheel hub-1,BR_wheel_RR,BR_shaft_axis,BR_wheel_RR_joint,fixed,0,0,0.0635000000000001,0,0,0,BR_shaft_RR,0,0,0,,,,,,,,,,,,
arm_base_link,-0.000473337349444795,-1.32028098241101E-05,0.07239105763563,0,0,0,1.14215420338987,0.00307129989590757,-8.29782523845811E-07,-2.69723152811921E-05,0.00309572763575694,-7.52339424710022E-07,0.00142221302621762,0,0,0,0,0,0,package://knight_rover_new/meshes/arm_base_link.STL,0.796078431372549,0.823529411764706,0.937254901960784,1,0,0,0,0,0,0,package://knight_rover_new/meshes/arm_base_link.STL,,my_arm_2.0-1/base_link-1,Coordinate System1,Axis1,arm_base_joint,fixed,-2.96957019715774E-05,0,0.10891393,0,0,0,robot_base_link,0,0,0,,,,,,,,,,,,
link_1,0.0001609257749607,0.0016542486333322,0.0894306454282655,0,0,0,1.30372267937163,0.00388797981373484,-4.73943654259568E-05,-2.12784263562036E-05,0.00340484821040031,-0.000218825448076133,0.00196023593370379,0,0,0,0,0,0,package://knight_rover_new/meshes/link_1.STL,0.792156862745098,0.819607843137255,0.933333333333333,1,0,0,0,0,0,0,package://knight_rover_new/meshes/link_1.STL,,my_arm_2.0-1/Link_1-1,Coordinate System17,Axis1,joint_1,revolute,0,0,0.149,0,0,0,arm_base_link,0,0,-1,11,2,0,6.28,,,,,,,,
link_2,0.00515267177632115,-0.162155426957025,-0.048697506888309,0,0,0,2.97373660813915,0.032416697732786,0.00297980399851198,-0.00041796955080189,0.00996767728350598,-0.00718854693664985,0.0278574206306726,0,0,0,0,0,0,package://knight_rover_new/meshes/link_2.STL,0.792156862745098,0.819607843137255,0.933333333333333,1,0,0,0,0,0,0,package://knight_rover_new/meshes/link_2.STL,,my_arm_2.0-1/Link_2-3,Coordinate System18,Axis10,joint_2,revolute,0.00584283433916443,0.0601167305072813,0.12,-1.5707963267949,0,0,link_1,-0.0967356678669598,0,-0.995310107736445,11,2,-2.059,2.059,,,,,,,,
link_3,0.0630408577620157,0.0757694506885519,-0.0147646662260461,0,0,0,1.45765626348279,0.00668130977477114,-0.0017929100891192,0.00110761054523779,0.00505646223490394,0.00210611297284855,0.00576711229445793,0,0,0,0,0,0,package://knight_rover_new/meshes/link_3.STL,0.792156862745098,0.819607843137255,0.933333333333333,1,0,0,0,0,0,0,package://knight_rover_new/meshes/link_3.STL,,my_arm_2.0-1/Link 3-2,Coordinate System19,Axis11,joint_3,revolute,0.0530599818434298,-0.28455,-0.00515697845398792,0,0,0,link_2,-0.0967356678669596,0,-0.995310107736445,11,3,0,3.8,,,,,,,,
link_4,0.00285172535182038,-0.0260073155743561,0.128071893533833,0,0,0,0.681236676221464,0.00500336376207618,2.58052982633528E-05,-2.97058981973094E-05,0.00481793575641137,0.000400073672270465,0.000727383593164867,0,0,0,0,0,0,package://knight_rover_new/meshes/link_4.STL,0.792156862745098,0.819607843137255,0.933333333333333,1,0,0,0,0,0,0,package://knight_rover_new/meshes/link_4.STL,,my_arm_2.0-1/Link_4-2,Coordinate System20,Axis12,joint_4,revolute,0.078973918363873,0.16627,-0.0599206159702666,-1.5707963267949,0,0,link_3,0,0,-1,11,3,0,6.28,,,,,,,,
link_5,0.0291584974688695,0.0507749995598583,0.0128930762141088,0,0,0,0.669420417496551,0.00103371860797553,-0.000251634699326582,5.62375875106098E-05,0.00090602726270936,0.000124543757130044,0.00143040032372536,0,0,0,0,0,0,package://knight_rover_new/meshes/link_5.STL,1,1,1,1,0,0,0,0,0,0,package://knight_rover_new/meshes/link_5.STL,,my_arm_2.0-1/Link_5-2,Coordinate System21,Axis13,joint_5,revolute,-0.000821285820190393,0.00845018281468242,0.205,-1.5707963267949,0,0,link_4,0.09673566786696,0,-0.995310107736445,11,2,-0.83,2.9,,,,,,,,
end_effector,1.79542801708177E-05,-0.000122480752124877,0.00960614744993991,0,0,0,0.0806378641781996,3.24265145588332E-05,8.12727483201834E-08,-8.01864845180532E-10,3.18840006785951E-05,5.47017248285367E-09,5.90805865629779E-05,0,0,0,0,0,0,package://knight_rover_new/meshes/end_effector.STL,0.792156862745098,0.819607843137255,0.933333333333333,1,0,0,0,0,0,0,package://knight_rover_new/meshes/end_effector.STL,,my_arm_2.0-1/toolhead-1,Coordinate System22,Axis14,end_effector_joint,revolute,0.0877509500734849,0.0490789751008789,0.0135522051433748,1.47993501318796,-0.0336819095690923,1.21676367586924,link_5,0,0,-1,11,2,0,6.28,,,,,,,,
gripper_base,7.27866725197535E-06,-2.54134234375925E-06,0.0440536598355999,0,0,0,0.144340160157627,0.00022110868647519,-3.32359338153028E-09,1.70035374836469E-08,0.000148303075670179,-5.93033833517005E-09,0.000101455826246438,0,0,0,0,0,0,package://knight_rover_new/meshes/gripper_base.STL,0.501960784313725,0.501960784313725,0.501960784313725,1,0,0,0,0,0,0,package://knight_rover_new/meshes/gripper_base.STL,,my_arm_2.0-1/Base-2;my_arm_2.0-1/cover-1;my_arm_2.0-1/cover-2,Coordinate System23,Axis15,gripper_base_joint,fixed,0,0,0.0171450000000004,0,0,0.145551942518358,end_effector,0,0,0,,,,,,,,,,,,
gripper_right_arm,0.0415392668558663,-0.0199023574393599,0,0,0,0,0.0127678157416076,1.42841391003647E-06,2.20816118501854E-06,2.69991751937308E-21,8.84983688817006E-06,2.64697796016969E-22,1.00683678618661E-05,0,0,0,0,0,0,package://knight_rover_new/meshes/gripper_right_arm.STL,1,1,1,1,0,0,0,0,0,0,package://knight_rover_new/meshes/gripper_right_arm.STL,,my_arm_2.0-1/gripper_arm_A-1,Coordinate System24,Axis16,gripper_right_arm_joint,revolute,0,0.016625,0.048875,0,-1.5708,0,gripper_base,0,0,-1,11,2,-1.22,3,,,,,,,,
right_finger,0.0276161455829338,0.0142289865971562,4.20508949883214E-09,0,0,0,0.0111036338959234,6.54555696498017E-07,-5.41073231378124E-07,1.56574589927725E-12,2.80864975234194E-06,-6.43183218014042E-14,2.90512975962861E-06,0,0,0,0,0,0,package://knight_rover_new/meshes/right_finger.STL,0.250980392156863,0.250980392156863,0.250980392156863,1,0,0,0,0,0,0,package://knight_rover_new/meshes/right_finger.STL,,my_arm_2.0-1/Arm-5,Coordinate System26,Axis18,right_finger_joint,fixed,0.0760387769781833,-0.0126821318025069,0,0,0,0,gripper_right_arm,0,0,0,,,,,,,,,,,,
gripper_left_arm,0.0415392668558661,0.0199023574393599,-0.005,0,0,0,0.0127678157416076,1.42841391003647E-06,-2.20816118501855E-06,3.20284333180532E-21,8.84983688817007E-06,6.61744490042422E-22,1.00683678618661E-05,0,0,0,0,0,0,package://knight_rover_new/meshes/gripper_left_arm.STL,1,1,1,1,0,0,0,0,0,0,package://knight_rover_new/meshes/gripper_left_arm.STL,,my_arm_2.0-1/gripper_arm_A-2,Coordinate System25,Axis17,gripper_left_arm_joint,revolute,0.00500000000000006,-0.016625,0.0488750000000002,0,-1.5707963267949,0,gripper_base,0,0,-1,0,0,-3,1.22,,,,,,,,
left_finger,0.0276961872778644,-0.0140725491537091,-7.52747492116512E-09,0,0,0,0.0111036375733557,6.48503874948729E-07,5.28854334276947E-07,-1.95043967790815E-12,2.81470284721791E-06,6.03559944540348E-14,2.90513051280574E-06,0,0,0,0,0,0,package://knight_rover_new/meshes/left_finger.STL,0.250980392156863,0.250980392156863,0.250980392156863,1,0,0,0,0,0,0,package://knight_rover_new/meshes/left_finger.STL,,my_arm_2.0-1/Arm-7,Coordinate System27,Axis19,left_finger_joint,fixed,0.0760387769781832,0.012682131802507,-0.00500000000000006,0,0,0,gripper_left_arm,0,0,0,,,,,,,,,,,,
camera,0,1.38777878078145E-17,-0.00860207027365847,0,0,0,0.00851529124922691,5.72032823016265E-07,2.9778502051909E-22,-1.05879118406788E-22,5.72032823016265E-07,2.11758236813575E-22,8.87510252850142E-07,0,0,0,0,0,0,package://knight_rover_new/meshes/camera.STL,0.792156862745098,0.819607843137255,0.933333333333333,1,0,0,0,0,0,0,package://knight_rover_new/meshes/camera.STL,,my_arm_2.0-1/camrea-1,Coordinate System28,Axis20,camrea_joint,fixed,0.0328520109999999,0,0.0625450000000001,0,0,0,gripper_base,0,0,0,,,,,,,,,,,,
lidar,0,3.74404642547556E-18,-0.0135429497587381,0,0,0,0.0474826021016631,1.25526394009055E-05,-8.964432025108E-23,-5.16987882845643E-23,1.25526394009055E-05,3.79483572484895E-22,1.58293239284705E-05,0,0,0,0,0,0,package://knight_rover_new/meshes/lidar.STL,0.792156862745098,0.819607843137255,0.933333333333333,1,0,0,0,0,0,0,package://knight_rover_new/meshes/lidar.STL,,lidar-1,Coordinate System30,Axis22,lidar_joint,fixed,0.29512,0,0.1432,0,0,0,robot_base_link,0,0,0,,,,,,,,,,,,
robot_camera,-0.0116366746085131,-3.63403427407853E-18,-5.38110887772951E-19,0,0,0,0.0184463231950522,4.51140005391572E-06,-1.20361288382287E-22,5.62966126881018E-23,1.32731162797296E-06,5.27451670258981E-39,3.97038118053296E-06,0,0,0,0,0,0,package://knight_rover_new/meshes/robot_camera.STL,0.792156862745098,0.819607843137255,0.933333333333333,1,0,0,0,0,0,0,package://knight_rover_new/meshes/robot_camera.STL,,robot_camera-1,Coordinate System29,Axis21,robot_camera_joint,fixed,0.339568304298028,0,0.054456965,0,0,0,robot_base_link,0,0,0,,,,,,,,,,,,
